Submission,Label
Biden holds slim lead over Trump and DeSantis in new poll,0
"Christie warns a Trump, Biden rematch ‘is bad for the Republican Party’",-1
Trump appearing at CNN town hall after sex assault verdict,-1
An agitated Trump appears in newly released deposition tapes,-1
Why Trump’s strategy of skipping a GOP debate is so risky,-1
Sexual abuse verdict renews Republican doubts about Trump’s electability,-1
"Trump’s family, allies aren’t ashamed to team up with neo-Nazis and antisemites: Eric Trump, Lara Trump and some allies may not call themselves Hitler’s American friends. But they are happy to appear alongside some self-avowed antisemites and Hitler promoters, S.E. Cupp writes.",1
“The World Finally Knows the Truth”: Jury Finds Trump Sexually Abused & Defamed E. Jean Carroll,-1
Michael Cohen accuses Trump of using $500m lawsuit for witness intimidation,-1
Trump is accused in court of rape. Will it matter in 2024?,-1
GOP senator says New York verdict makes him 'want to vote for [Trump] twice',0
"Trump's trial loss will ""embolden"" prosecutors investigating him—Lawyer",-1
10 questions CNN should ask Trump,0
A sexual abuse ruling. 26 accusations. Yet Trump is still frontrunner to be the next President,-1
Trump's rape trial defense? His accuser and her friends have Trump Derangement Syndrome,-1
CNN's town hall with Donald Trump takes on added stakes after verdict in Carroll case,0
Senate Republicans question Trump’s 2024 viability after sexual abuse verdict,-1
Trump Lies That He Wasn’t Able to Defend Himself in Rape Trial,-1
"E. Jean Carroll, Donald Trump and Joe McCarthy: Lessons for Republicans after the verdict",0
Trump tests how insulated his base is from the Carroll verdict reality,0
Trump rejects last chance to testify at New York civil trial,-1
Report: U.S. Department of Justice investigating former President Donald Trump’s ties to LIV Golf amid larger probe,1
"A ‘Nonprofit’ Watchdog, Led By A Former Trump Official, Is Largely A Phantom",0
Key moments from the video of Trump's deposition in E. Jean Carroll trial released to the public,0
"8 Trump 'fake electors' have accepted immunity in Georgia election probe, attorney says",0
Don’t 'piss off his voters': Recordings reveal DeSantis' 2018 thoughts on dealing with Trump,-1
At least eight fake Georgia electors get immunity deals in Trump probe: report,-1
At least eight Trump electors have accepted immunity in Georgia investigation,1
Do we really want Biden vs. Trump again? Americans need a third choice for president.,0
The Trump verdict proves Republicans never cared about protecting women in changing rooms | Mike Pence called the sexual assault verdict a distraction as he focuses his attacks on trans people.,-1
Trump plays the inside game to stave off ’16-like convention chaos,-1
Donald Trump deposition: New York court releases video in civil rape trial,-1
"Trump world booked CNN hoping for a big audience. Now, they’re in the thick of it.",1
"Trump, in deposition, doubles down on 'Access Hollywood' remarks about grabbing women",0
Liz Cheney’s Anti-Trump Campaign Has Landed in New Hampshire: “He Lost the Election and He Knew It”,-1
GOP senators criticize Trump following sexual abuse verdict,-1
Democrats have sinking feeling: Trump could beat Biden,0
"What GOP Voters Have Told Me Since Trump’s Indictment: They’re open to an alternative to the former president, but his rivals can’t touch him.",0
Trump barred from posting evidence in hush money case to social media,0
"Trump elector immunity signals ""significant evidence"": Ex-U.S. attorney",0
"Trump's devoted allies finally ""turning against him,"" Kirschner suggests",1
"Trump hits back at former ally Bill Barr after ""horror show"" criticism",-1
Judge warns Trump jurors against disclosing identities,0
Jack Smith’s tactical misstep may allow Trump to run out the clock in 2024,0
DOJ has cooperating witness in Trump documents case; issues 'wave of new subpoenas': NYT,0
"Drowning in the Undertow: Reporting from Trump’s America, Jeff Sharlet finds a slow-motion civil war.",-1
Terrible Timing of Trump’s Town Hall Has Allies Freaking Out,-1
Eight of Trump’s fake GOP electors accept immunity deals in Georgia election meddling investigation,0
Senate GOP sees Trump as looking increasingly dominant,0
"DeSantis to Visit Wisconsin, a 2024 Battleground, as He Circles Trump",-1
Jury finds Donald Trump sexually abused E. Jean Carroll in civil case,-1
Trump to face questions from New Hampshire GOP primary voters as legal clouds hang over 2024 bid,0
Jury begins deliberations in Trump rape defamation trial,-1
Trump world to donors: A dollar to DeSantis may as well be a donation to Biden,1
"Call It Trump’s Coup Attempt, Because It Damned Well Was",0
Most Fake Trump Electors Have Taken Immunity Deals in Georgia Case,-1
Mar-a-Lago mole could put Trump's recklessness on full display,0
"Donald Trump 'only likes women he can control', says TV star Ruby Wax who interviewed him",1
It took a change in law to hold Trump accountable in New York. Massachusetts should follow its lead.,0
Trump Claims to “Believe in Loyalty.” Not So Fast...,0
DOJ finds ‘insider witness’ in Trump Mar-a-Lago documents probe: report,0
"As Trump probes intensify, foes of ex-president see opening",-1
"Trump defends ‘Access Hollywood’ comments: ‘Historically, that’s true with stars’",1
Ron DeSantis shares concern about ‘pissing off’ Trump voters in leaked 2018 video,0
Trump town hall could be prime-time viewing for prosecutors across the country,0
"The wider the House Oversight’s net, the more often they catch Trump",0
Watch Kevin McCarthy prove he's the GOAT of dodging as he avoids 60 seconds of tough questions about George Santos and Trump,-1
Alarm after lawyer who aided Trump’s 2020 election lie attacks campus voting,-1
Mar-a-Lago employee aids investigation into whether Trump hid documents,0
Report: Justice Department looking into Donald Trump's dealings with LIV Golf,1
Judge sets hearing date on Trump's motion to move criminal case to federal court,-1
Trump hits Biden as ‘disrespectful’ for not attending Charles’ coronation ceremony: No US president has ever attended coronation of a British monarch,-1
Ex-Donald Trump staffers accuse him of sexual harassment in the White House,-1
Kevin McCarthy dodges questions about disgraced Republicans George Santos and Donald Trump,-1
‘Really weak option’: Wall Street sours on DeSantis as Trump challenger,-1
Chris Christie Mocks Trump Over Sexual Abuse Verdict,-1
‘Ron DeSoros’? Conspiracy Theorists Target Trump’s Rival.,-1
"Mar-a-Lago insider cooperating with probe into Trump secret documents, report says",0
"As 2024 elections near, US media grapples with how to cover Trump. CNN’s Wednesday town hall with the ex-president could be a warning bell for cable news to not repeat mistakes from 2016",0
Watch Trump’s Deposition in the Lawsuit Accusing Him of Rape,-1
"Biden tops Trump by 2 points in new poll, leads DeSantis by 3 points",1
What the New Poll Favoring Trump Got Wrong and the Pundits Missed,-1
Barr: Trump will deliver ‘chaos’ and ‘horror show’,0
Jury weighs verdict in Trump rape trial,-1
Judge limits Trump’s sharing of information from New York criminal case on social media,0
Former Trump campaign staffer subpoenaed by DOJ is now working for House committee on elections,0
Trump 2024: Bring Back the ‘Muslim Ban’ — and Expand It,1
Former Rep. Liz Cheney Baits Donald Trump And The MAGA Mob In New Attack Ad,-1
At least 8 fake electors have been granted immunity in the Georgia Trump investigation,-1
"For Trump, a Verdict That’s Harder to Spin",0
Liz Cheney launches anti-Trump ad on CNN ahead of former president’s town hall,0
Biden trails Trump in brutal new poll after 2024 kickoff: Biden approval hits lowest on record as reelection bid gets off to slow start,-1
Georgia election workers say former Trump lawyer is dodging subpoena,0
Rep. Raskin: Special counsel could ‘absolutely’ consider seditious conspiracy for Trump,-1
"Ron DeSantis' old debate prep videos leak, reveal views on Trump",-1
Donald Trump Is Not a Legitimate Candidate for President,0
Trump Says His CNN Town Hall May Be a ‘Total Disaster for All’,-1
Do Evangelicals Think Trump Is Jesus?,0
Has Anyone Been Sued More Than Donald Trump?,0
Cheney launches New Hampshire TV ad slashing Trump,-1
Trump Was Found Liable for Sexual Abuse. What Happens Now?,-1
Biden Casts Himself as the Trump Beater. Polls Suggest That’s No Sure Thing.,0
Biden administration employs Trump-style immigration tactics,0
"Trump's latest court loss may not hurt primary bid, but some Republicans raise alarm about 2024 viability",-1
Donald Trump's last-minute legal plea doomed to fail,-1
Georgia GOP chairman says he was just following orders from Trump lawyers,0
Surprise: Ex–White House Employees Say Donald Trump Behaved Grossly With Women While President,0
‘Trump was great at this’: How conservatives transformed a Colorado school district,1
